pH,sequence,n_blocks,block_size,mean,mean,err_mean,err_mean,n_eff,n_eff,tau_int,tau_int
nan,nan,nan,nan,charge,rg,charge,rg,charge,rg,charge,rg
7,EEEEEHHHHH,16.0,28.125,-3.46,2.2703462218107697,0.08485448511846783,0.011270236960158787,29.626400298799958,123.97658163444471,53.16204412785421,12.704012155120516
3,EEEEEHHHHH,16.0,28.125,3.6155555555555554,2.2852353902531646,0.0659070291966048,0.00965865997785087,36.01484582149586,171.5617117303853,43.73196564107516,9.18037004963811
11,EEEEEHHHHH,16.0,28.125,-5.0,2.376694528257385,0.0,0.009075495803215277,,180.56146365212345,,8.722791498127924
