pH,sequence,n_blocks,block_size,mean,mean,err_mean,err_mean,n_eff,n_eff,tau_int,tau_int
value,value,nan,nan,charge,rg,charge,rg,charge,rg,charge,rg
3,EEEEEHHHHH,16.0,28.125,3.74,2.2930545511345084,0.09668283176667573,0.012248005496732568,63.9924303361178,386.504157031771,24.61228604323432,4.074988512749192
7,EEEEEHHHHH,16.0,28.125,-3.462222222222222,2.282215370136204,0.08152363902529337,0.02392826711272775,107.85755044145347,125.10472480386765,14.602593824798644,12.589452576659077
11,EEEEEHHHHH,16.0,28.125,-5.0,2.379941392407537,0.0,0.015862071975736733,,271.3603994805873,,5.804089333038255
