pH,sequence,n_blocks,block_size,mean,mean,err_mean,err_mean,n_eff,n_eff,tau_int,tau_int
value,value,nan,nan,charge,rg,charge,rg,charge,rg,charge,rg
3,KKKKKDDDDD,16.0,28.125,2.92,2.24224133500218,0.10683895616817528,0.016899080996828193,66.55820017221221,218.86820380470385,23.66350045462667,7.196111507542911
7,KKKKKDDDDD,16.0,28.125,0.0022222222222222222,2.061724695770055,0.002305347229885367,0.010022432237558167,418.13333333333344,337.82731077353264,3.7667410715105456,4.662145273062604
11,KKKKKDDDDD,16.0,28.125,-2.537777777777778,2.2240114798138597,0.09417150320822036,0.016801648569199405,91.37898210342641,223.8836649942004,17.235910969676027,7.034903596361424
