pH,sequence,n_blocks,block_size,mean,mean,err_mean,err_mean,n_eff,n_eff,tau_int,tau_int
nan,nan,nan,nan,charge,rg,charge,rg,charge,rg,charge,rg
11,KKKKKDDDDD,16.0,28.125,-2.4394444444444443,2.2049612765357924,0.0715700444086051,0.012580800325214478,36.920026395901495,97.521880100548,42.65977448513195,16.150221862113444
7,KKKKKDDDDD,16.0,28.125,0.0,2.0725310670590007,0.0,0.004655049123372929,,485.26077729437475,,3.2456775278971928
3,KKKKKDDDDD,16.0,28.125,2.7888888888888888,2.2437294343122227,0.10015636535927931,0.009715071564187647,23.660790449758085,160.02409606208622,66.56582346133663,9.842267750871764
