pH,sequence,n_blocks,block_size,mean,mean,err_mean,err_mean,n_eff,n_eff,tau_int,tau_int
nan,nan,nan,nan,charge,rg,charge,rg,charge,rg,charge,rg
11,nDSHAKRHHGYKRKFHEKHHSHRGYc,16.0,28.125,-1.191111111111111,4.063464427616705,0.05348160750422651,0.08851343132097834,251.94488535923495,72.1482798903042,6.251367229735849,21.83004227445118
7,nDSHAKRHHGYKRKFHEKHHSHRGYc,16.0,28.125,4.997777777777777,4.20850730205197,0.045342906001995156,0.11132315378572168,215.56745024938866,55.258072529405915,7.306297858105055,28.50262283752534
3,nDSHAKRHHGYKRKFHEKHHSHRGYc,16.0,28.125,12.657777777777778,5.2393962478267655,0.060622215668095406,0.11362578274313505,161.98895235804122,60.20523413647287,9.722885277713772,26.160516151537188
