pH,sequence,n_blocks,block_size,mean,mean,err_mean,err_mean,n_eff,n_eff,tau_int,tau_int
value,value,nan,nan,charge,rg,charge,rg,charge,rg,charge,rg
7,nDSHAKRHHGYKRKFHEKHHSHRGYc,16.0,28.125,5.044444444444444,4.279252793720242,0.05798349244388049,0.09771700380997232,155.74642000226976,71.28000135030244,10.112591994161557,22.095959177862643
3,nDSHAKRHHGYKRKFHEKHHSHRGYc,16.0,28.125,12.642222222222221,5.277371251802207,0.046374949253443896,0.11404609215228863,287.2696477457004,55.72484859428179,5.482653710177252,28.26387221796589
11,nDSHAKRHHGYKRKFHEKHHSHRGYc,16.0,28.125,-1.1377777777777778,3.925277367120465,0.046895855319717836,0.0915024823081239,297.1873784737742,63.15113924203325,5.299686709855564,24.940167650783412
