sequence,pH,time,mean,err_mean,n_eff,tau_int
value,value,value,charge,charge,charge,charge
EEEEDDDD,7,series,-7.648351648351649,0.1255297416924878,23.09080597201252,1.9704812406795775
EEEEDDDD,3,series,-0.6263736263736264,0.1103921181655937,28.535136224326788,1.594525417447734
