,pH,protein,pdb,n_blocks,block_size,mean,mean,mean,mean,mean,mean,mean,mean,mean,mean,err_mean,err_mean,err_mean,err_mean,err_mean,err_mean,err_mean,err_mean,err_mean,err_mean,n_eff,n_eff,n_eff,n_eff,n_eff,n_eff,n_eff,n_eff,n_eff,n_eff,tau_int,tau_int,tau_int,tau_int,tau_int,tau_int,tau_int,tau_int,tau_int,tau_int
,value,value,value,nan,nan,charge,charge_E,charge_K,charge_D,charge_C,charge_H,charge_Y,charge_c,charge_R,charge_n,charge,charge_E,charge_K,charge_D,charge_C,charge_H,charge_Y,charge_c,charge_R,charge_n,charge,charge_E,charge_K,charge_D,charge_C,charge_H,charge_Y,charge_c,charge_R,charge_n,charge,charge_E,charge_K,charge_D,charge_C,charge_H,charge_Y,charge_c,charge_R,charge_n
0,2,protein,1beb,16.0,5.625,14.822222222222223,-0.10208333333333333,1.0,-0.3222222222222222,0.0,1.0,0.0,-0.32222222222222224,1.0,1.0,0.21111111111111105,0.009297195145696388,0.0,0.014715302356961274,0.0,0.0,0.0,0.03860211725786713,0.0,0.0,43.65401973295158,49.20281059513185,,59.96011307221751,,,,148.20848421660168,,,10.308329055432326,9.145819000106554,,7.504989182685652,,,,3.036263425661524,,
1,5,protein,1beb,16.0,5.625,-2.5555555555555554,-0.7652777777777777,1.0,-0.9455555555555557,0.0,1.0,0.0,-0.8555555555555555,1.0,1.0,0.20712911223631136,0.016393449224282722,0.0,0.013654918166120838,0.0,0.0,0.0,0.04541985207993266,0.0,0.0,38.818703463064196,26.885480844316678,,30.32435701813835,,,,60.577330401629915,,,11.59235007495224,16.737658612296176,,14.839556193407033,,,,7.428521478514892,,
2,7,protein,1beb,16.0,5.625,-7.544444444444444,-0.9965277777777778,0.9985185185185186,-0.9988888888888889,0.0,0.5777777777777777,0.0,-1.0,1.0,0.8333333333333334,0.10592333589167101,0.0016652192789280268,0.0017213259316477447,0.0012909944487357998,0.0,0.06936884774188654,0.0,0.0,0.0,0.04718953116795983,44.386226064250636,74.74352711284816,32.95880149812729,66.66666666666724,,51.26553132425145,,,,63.07084958770352,10.138280270735565,6.0205882352887725,13.653409090897004,6.749999999993956,,8.777827682178453,,,,7.134833333327006
