,pH,protein,pdb,n_blocks,block_size,mean,mean,mean,mean,mean,mean,mean,mean,mean,mean,err_mean,err_mean,err_mean,err_mean,err_mean,err_mean,err_mean,err_mean,err_mean,err_mean,n_eff,n_eff,n_eff,n_eff,n_eff,n_eff,n_eff,n_eff,n_eff,n_eff,tau_int,tau_int,tau_int,tau_int,tau_int,tau_int,tau_int,tau_int,tau_int,tau_int
,value,value,value,nan,nan,charge,charge_E,charge_K,charge_D,charge_C,charge_H,charge_Y,charge_n,charge_R,charge_c,charge,charge_E,charge_K,charge_D,charge_C,charge_H,charge_Y,charge_n,charge_R,charge_c,charge,charge_E,charge_K,charge_D,charge_C,charge_H,charge_Y,charge_n,charge_R,charge_c,charge,charge_E,charge_K,charge_D,charge_C,charge_H,charge_Y,charge_n,charge_R,charge_c
0,2,protein,1f6s,16.0,5.625,13.655555555555555,-0.04920634920634919,1.0,-0.32820512820512815,0.0,1.0,0.0,1.0,1.0,-0.7333333333333333,0.21185177091425547,0.010086236877608117,0.0,0.017151825329504444,0.0,0.0,0.0,0.0,0.0,0.031091263510296056,38.13371029911677,68.3465524450081,,33.80914528786571,,,,,,204.5718713676868,11.80058264642592,6.584092158293755,,13.310008169922538,,,,,,2.19971590908891
1,5,protein,1f6s,16.0,5.625,-0.03333333333333333,-0.8428571428571429,1.0,-0.9290598290598292,0.0,0.9814814814814814,0.0,1.0,1.0,-1.0,0.15785209517335297,0.01785978816385423,0.0,0.007831480796139175,0.0,0.009755234956345135,0.0,0.0,0.0,0.0,40.087692000220464,40.329623515629144,,61.19870038579567,,61.94959003947759,,,,,11.225390576168023,11.15805109921768,,7.353097323355037,,7.263970588228863,,,,
2,7,protein,1f6s,16.0,5.625,-4.333333333333333,-0.9984126984126984,1.0,-0.9965811965811966,0.0,0.20740740740740743,-0.002777777777777778,1.0,1.0,-1.0,0.1154219312878719,0.001536898153256906,0.0,0.0019746179576321165,0.0,0.037870257176322725,0.003227486121839514,0.0,0.0,0.0,33.73597848394261,96.0000000000007,,65.17380206825796,,37.56710138152275,66.66666666666669,,,,13.338874999988173,4.68749999999581,,6.904614825575253,,11.978565911420889,6.749999999994013,,,
