csalt,cmon,pH,pKa,n_blocks,block_size,mean,err_mean,n_eff,tau_int
value,value,value,value,nan,nan,alpha,alpha,alpha,alpha
0.01,0.435,9,4,16.0,5.625,0.9938888888888889,0.0009782669231040671,69.726915596805,6.453748830676951
0.01,0.435,3,4,16.0,5.625,0.03822222222222222,0.002196173720894064,49.65617564819513,9.062316904704018
0.01,0.435,7,4,16.0,5.625,0.7143333333333334,0.008198146056605243,20.631416329721212,21.811396406718313
0.01,0.435,5,4,16.0,5.625,0.24022222222222223,0.005238508882176492,29.478155904183986,15.265541082769019
