csalt,cmon,pH,pKa,n_blocks,block_size,mean,err_mean,n_eff,tau_int
value,value,value,value,nan,nan,alpha,alpha,alpha,alpha
0.01,0.435,11,4,16.0,5.625,1.0,0.0,,
0.01,0.435,3,4,16.0,5.625,0.040777777777777774,0.0019761541400369525,55.94853455184053,8.043106108215074
0.01,0.435,7,4,16.0,5.625,0.7114444444444444,0.007085367899523986,19.720655069237605,22.81871461265752
